Hrsspent,Marks
0,13.52404
1,7.678431
2,22.43252
3,17.59891
4,26.98477
5,28.53648
6,31.65187
7,34.7916
8,50.75286
9,46.51552
10,48.4653
11,61.06387
12,51.01419
13,59.82144
14,77.45541
15,79.317
16,79.21599
17,91.81938
18,81.90507
19,92.51529
